 482331,SumatraPDF-0.1-install.exe
 525934,SumatraPDF-0.2-install.exe
 616773,SumatraPDF-0.2.zip
 500730,SumatraPDF-0.3-install.exe
 575249,SumatraPDF-0.3.zip
 759482,SumatraPDF-0.4-install.exe
 717071,SumatraPDF-0.4.zip
 972474,SumatraPDF-0.5-install.exe
 930063,SumatraPDF-0.5.zip
 959837,SumatraPDF-0.6-install.exe
 916756,SumatraPDF-0.6.zip
 865204,SumatraPDF-0.7-install.exe
 822040,SumatraPDF-0.7.zip
1173456,SumatraPDF-0.8-install.exe
1187280,SumatraPDF-0.8.1-install.exe
1144093,SumatraPDF-0.8.1.zip
1130259,SumatraPDF-0.8.zip
1038288,SumatraPDF-0.9-install.exe
1046480,SumatraPDF-0.9.1-install.exe
1003293,SumatraPDF-0.9.1.zip
1250272,SumatraPDF-0.9.2-install.exe
1207054,SumatraPDF-0.9.2.zip
1251296,SumatraPDF-0.9.3-install.exe
1208078,SumatraPDF-0.9.3.zip
1506272,SumatraPDF-0.9.4-install.exe
1462516,SumatraPDF-0.9.4.zip
 995101,SumatraPDF-0.9.zip
1264124,SumatraPDF-1.0-install.exe
1265412,SumatraPDF-1.0.1-install.exe
1217278,SumatraPDF-1.0.1.zip
1216244,SumatraPDF-1.0.zip
1742211,SumatraPDF-1.1-install.exe
1686270,SumatraPDF-1.1.zip
3284831,SumatraPDF-1.2-install.exe
1735446,SumatraPDF-1.2.zip
3336979,SumatraPDF-1.3-install.exe
1741078,SumatraPDF-1.3.zip
4328738,SumatraPDF-1.4-install.exe
1615998,SumatraPDF-1.4.zip
4097215,SumatraPDF-1.5-install.exe
4096680,SumatraPDF-1.5.1-install.exe
2027361,SumatraPDF-1.5.1.zip
2027646,SumatraPDF-1.5.zip
4488201,SumatraPDF-1.6-install.exe
2338445,SumatraPDF-1.6.zip
4590592,SumatraPDF-1.7-install.exe
2363415,SumatraPDF-1.7.zip
4763136,SumatraPDF-1.8-install.exe
2479922,SumatraPDF-1.8.zip
4701696,SumatraPDF-1.9-install.exe
2439108,SumatraPDF-1.9.zip
4362752,SumatraPDF-2.0-install.exe
4364800,SumatraPDF-2.0.1-install.exe
2417106,SumatraPDF-2.0.1.zip
2415406,SumatraPDF-2.0.zip
4418680,SumatraPDF-2.1-install.exe
4419192,SumatraPDF-2.1.1-install.exe
2444977,SumatraPDF-2.1.1.zip
2444337,SumatraPDF-2.1.zip
4987640,SumatraPDF-2.2-install.exe
4987488,SumatraPDF-2.2.1-install.exe
2645740,SumatraPDF-2.2.1.zip
2645125,SumatraPDF-2.2.zip
4068336,SumatraPDF-2.3-install.exe
4052464,SumatraPDF-2.3.1-install.exe
2632356,SumatraPDF-2.3.1.zip
4058096,SumatraPDF-2.3.2-install.exe
2632456,SumatraPDF-2.3.2.zip
2656979,SumatraPDF-2.3.zip
4201456,SumatraPDF-2.4-install.exe
2786693,SumatraPDF-2.4.zip
4261360,SumatraPDF-2.5-install.exe
4262384,SumatraPDF-2.5.1-install.exe
2835664,SumatraPDF-2.5.1.zip
4262896,SumatraPDF-2.5.2-install.exe
2835750,SumatraPDF-2.5.2.zip
2835374,SumatraPDF-2.5.zip
4551776,SumatraPDF-3.0-install.exe
3312542,SumatraPDF-3.0.zip
5107272,SumatraPDF-3.1-64-install.exe
3967325,SumatraPDF-3.1-64.zip
4830792,SumatraPDF-3.1-install.exe
5106760,SumatraPDF-3.1.1-64-install.exe
7055574,SumatraPDF-3.1.1-64.zip
4816456,SumatraPDF-3.1.1-install.exe
6420182,SumatraPDF-3.1.1.zip
5208720,SumatraPDF-3.1.2-64-install.exe
3882783,SumatraPDF-3.1.2-64.zip
4860560,SumatraPDF-3.1.2-install.exe
3574226,SumatraPDF-3.1.2.zip
3712888,SumatraPDF-3.1.zip
9380520,SumatraPDF-3.2-64-install.exe
6952098,SumatraPDF-3.2-64.zip
8713384,SumatraPDF-3.2-install.exe
6542750,SumatraPDF-3.2.zip
9714712,SumatraPDF-3.3-64-install.exe
7150421,SumatraPDF-3.3-64.zip
8979992,SumatraPDF-3.3-install.exe
9722904,SumatraPDF-3.3.1-64-install.exe
7148784,SumatraPDF-3.3.1-64.zip
8995352,SumatraPDF-3.3.1-install.exe
6689811,SumatraPDF-3.3.1.zip
7290904,SumatraPDF-3.3.2-64-install.exe
6987347,SumatraPDF-3.3.2-64.zip
6657048,SumatraPDF-3.3.2-install.exe
6515381,SumatraPDF-3.3.2.zip
7291416,SumatraPDF-3.3.3-64-install.exe
6987358,SumatraPDF-3.3.3-64.zip
6658584,SumatraPDF-3.3.3-install.exe
6515386,SumatraPDF-3.3.3.zip
6682292,SumatraPDF-3.3.zip
7464408,SumatraPDF-3.4-64-install.exe
7125228,SumatraPDF-3.4-64.zip
6917592,SumatraPDF-3.4-install.exe
7462360,SumatraPDF-3.4.1-64-install.exe
7125306,SumatraPDF-3.4.1-64.zip
6920664,SumatraPDF-3.4.1-install.exe
6818431,SumatraPDF-3.4.1.zip
7466968,SumatraPDF-3.4.2-64-install.exe
7129007,SumatraPDF-3.4.2-64.zip
6921688,SumatraPDF-3.4.2-install.exe
6817448,SumatraPDF-3.4.2.zip
7464920,SumatraPDF-3.4.3-64-install.exe
7126498,SumatraPDF-3.4.3-64.zip
6922712,SumatraPDF-3.4.3-install.exe
6812065,SumatraPDF-3.4.3.zip
7473624,SumatraPDF-3.4.4-64-install.exe
7127569,SumatraPDF-3.4.4-64.zip
6924760,SumatraPDF-3.4.4-install.exe
6818677,SumatraPDF-3.4.4.zip
7466456,SumatraPDF-3.4.5-64-install.exe
7127570,SumatraPDF-3.4.5-64.zip
6926296,SumatraPDF-3.4.5-install.exe
6818700,SumatraPDF-3.4.5.zip
7470040,SumatraPDF-3.4.6-64-install.exe
7128478,SumatraPDF-3.4.6-64.zip
6926808,SumatraPDF-3.4.6-install.exe
6819617,SumatraPDF-3.4.6.zip
6818361,SumatraPDF-3.4.zip
